samples,time
100.0,9.4e-06
1000.0,2.8e-05
10000.0,0.000217
100000.0,0.0020599999999999998
1000000.0,0.0202
10000000.0,0.206
